{
  "project_info": {
    "project_number": "511568105356",
    "project_id": "pictionary-c8ac5",
    "storage_bucket": "pictionary-c8ac5.appspot.com"
  },
  "client": [
    {
      "client_info": {
        "mobilesdk_app_id": "1:511568105356:android:3388ab75567c06a96490a9",
        "android_client_info": {
          "package_name": "com.example.pictionary"
        }
      },
      "oauth_client": [
        {
          "client_id": "511568105356-eudblad98v4jrtpeqovtivnhhnodq4e1.apps.googleusercontent.com",
          "client_type": 1,
          "android_info": {
            "package_name": "com.example.pictionary",
            "certificate_hash": "89edf167946f9b3c1565b3b53f61467b4db6167a"
          }
        },
        {
          "client_id": "511568105356-6p8ld9pcq2bc6fj0ribpssc0or8vlodh.apps.googleusercontent.com",
          "client_type": 3
        }
      ],
      "api_key": [
        {
          "current_key": "AIzaSyB51RFkmn2vyJqnRgPsyM7lLEx-PD8e7BY"
        }
      ],
      "services": {
        "appinvite_service": {
          "other_platform_oauth_client": [
            {
              "client_id": "511568105356-6p8ld9pcq2bc6fj0ribpssc0or8vlodh.apps.googleusercontent.com",
              "client_type": 3
            }
          ]
        }
      }
    }
  ],
  "configuration_version": "1"
}