[{"word":"ace","count":3},{"word":"ant","count":3},{"word":"arm","count":3},{"word":"ash","count":3},{"word":"axe","count":3},{"word":"bad","count":3},{"word":"bag","count":3},{"word":"bar","count":3},{"word":"bat","count":3},{"word":"bed","count":3},{"word":"bee","count":3},{"word":"BMW","count":3},{"word":"BMX","count":3},{"word":"bow","count":3},{"word":"box","count":3},{"word":"boy","count":3},{"word":"bus","count":3},{"word":"can","count":3},{"word":"cap","count":3},{"word":"cat","count":3},{"word":"cow","count":3},{"word":"cup","count":3},{"word":"cut","count":3},{"word":"day","count":3},{"word":"dew","count":3},{"word":"die","count":3},{"word":"dig","count":3},{"word":"DNA","count":3},{"word":"dog","count":3},{"word":"ear","count":3},{"word":"eat","count":3},{"word":"eel","count":3},{"word":"egg","count":3},{"word":"emu","count":3},{"word":"end","count":3},{"word":"eye","count":3},{"word":"flu","count":3},{"word":"fly","count":3},{"word":"fog","count":3},{"word":"fox","count":3},{"word":"fur","count":3},{"word":"gas","count":3},{"word":"gem","count":3},{"word":"God","count":3},{"word":"Gru","count":3},{"word":"ham","count":3},{"word":"hat","count":3},{"word":"hen","count":3},{"word":"hop","count":3},{"word":"hot","count":3},{"word":"hug","count":3},{"word":"hut","count":3},{"word":"ice","count":3},{"word":"ivy","count":3},{"word":"jaw","count":3},{"word":"keg","count":3},{"word":"key","count":3},{"word":"KFC","count":3},{"word":"lap","count":3},{"word":"lid","count":3},{"word":"log","count":3},{"word":"low","count":3},{"word":"map","count":3},{"word":"mop","count":3},{"word":"MTV","count":3},{"word":"mud","count":3},{"word":"mug","count":3},{"word":"nun","count":3},{"word":"nut","count":3},{"word":"oar","count":3},{"word":"oil","count":3},{"word":"old","count":3},{"word":"owl","count":3},{"word":"pan","count":3},{"word":"paw","count":3},{"word":"pie","count":3},{"word":"pig","count":3},{"word":"pin","count":3},{"word":"pot","count":3},{"word":"pro","count":3},{"word":"pub","count":3},{"word":"ram","count":3},{"word":"rat","count":3},{"word":"red","count":3},{"word":"rib","count":3},{"word":"rug","count":3},{"word":"run","count":3},{"word":"sad","count":3},{"word":"sea","count":3},{"word":"sew","count":3},{"word":"shy","count":3},{"word":"sit","count":3},{"word":"ski","count":3},{"word":"sky","count":3},{"word":"son","count":3},{"word":"spy","count":3},{"word":"sun","count":3},{"word":"tea","count":3},{"word":"tie","count":3},{"word":"tip","count":3},{"word":"toe","count":3},{"word":"toy","count":3},{"word":"tug","count":3},{"word":"UFO","count":3},{"word":"USB","count":3},{"word":"wax","count":3},{"word":"web","count":3},{"word":"wig","count":3},{"word":"zoo","count":3},{"word":"gru","count":3},{"word":"ivy","count":3},{"word":"ABBA","count":4},{"word":"acid","count":4},{"word":"acne","count":4},{"word":"afro","count":4},{"word":"arch","count":4},{"word":"Asia","count":4},{"word":"atom","count":4},{"word":"Audi","count":4},{"word":"baby","count":4},{"word":"bait","count":4},{"word":"bald","count":4},{"word":"ball","count":4},{"word":"bank","count":4},{"word":"bark","count":4},{"word":"barn","count":4},{"word":"base","count":4},{"word":"beak","count":4},{"word":"bean","count":4},{"word":"bear","count":4},{"word":"beef","count":4},{"word":"beer","count":4},{"word":"beet","count":4},{"word":"bell","count":4},{"word":"belt","count":4},{"word":"bill","count":4},{"word":"bird","count":4},{"word":"bite","count":4},{"word":"blue","count":4},{"word":"boar","count":4},{"word":"boat","count":4},{"word":"boil","count":4},{"word":"bomb","count":4},{"word":"book","count":4},{"word":"bowl","count":4},{"word":"bull","count":4},{"word":"burp","count":4},{"word":"cage","count":4},{"word":"cake","count":4},{"word":"cape","count":4},{"word":"cash","count":4},{"word":"cast","count":4},{"word":"cave","count":4},{"word":"cell","count":4},{"word":"chef","count":4},{"word":"chew","count":4},{"word":"chin","count":4},{"word":"clap","count":4},{"word":"claw","count":4},{"word":"clay","count":4},{"word":"coal","count":4},{"word":"coat","count":4},{"word":"coin","count":4},{"word":"cola","count":4},{"word":"cold","count":4},{"word":"comb","count":4},{"word":"cone","count":4},{"word":"copy","count":4},{"word":"cord","count":4},{"word":"cork","count":4},{"word":"corn","count":4},{"word":"crab","count":4},{"word":"crow","count":4},{"word":"Cuba","count":4},{"word":"cube","count":4},{"word":"cute","count":4},{"word":"dead","count":4},{"word":"deaf","count":4},{"word":"deep","count":4},{"word":"deer","count":4},{"word":"dent","count":4},{"word":"derp","count":4},{"word":"desk","count":4},{"word":"dice","count":4},{"word":"diet","count":4},{"word":"diva","count":4},{"word":"dock","count":4},{"word":"doll","count":4},{"word":"dome","count":4},{"word":"door","count":4},{"word":"Dora","count":4},{"word":"dots","count":4},{"word":"drip","count":4},{"word":"drum","count":4},{"word":"duck","count":4},{"word":"duel","count":4},{"word":"east","count":4},{"word":"echo","count":4},{"word":"Elmo","count":4},{"word":"Elsa","count":4},{"word":"exam","count":4},{"word":"face","count":4},{"word":"fall","count":4},{"word":"farm","count":4},{"word":"fast","count":4},{"word":"fern","count":4},{"word":"Finn","count":4},{"word":"fish","count":4},{"word":"fizz","count":4},{"word":"flag","count":4},{"word":"flea","count":4},{"word":"foil","count":4},{"word":"food","count":4},{"word":"fork","count":4},{"word":"fort","count":4},{"word":"frog","count":4},{"word":"full","count":4},{"word":"gang","count":4},{"word":"gasp","count":4},{"word":"gate","count":4},{"word":"germ","count":4},{"word":"gift","count":4},{"word":"girl","count":4},{"word":"glow","count":4},{"word":"glue","count":4},{"word":"goal","count":4},{"word":"goat","count":4},{"word":"gold","count":4},{"word":"golf","count":4},{"word":"good","count":4},{"word":"grid","count":4},{"word":"grin","count":4},{"word":"hair","count":4},{"word":"half","count":4},{"word":"halo","count":4},{"word":"hand","count":4},{"word":"hard","count":4},{"word":"harp","count":4},{"word":"head","count":4},{"word":"heat","count":4},{"word":"heel","count":4},{"word":"hell","count":4},{"word":"hero","count":4},{"word":"hill","count":4},{"word":"hive","count":4},{"word":"hoof","count":4},{"word":"hook","count":4},{"word":"horn","count":4},{"word":"hose","count":4},{"word":"Hulk","count":4},{"word":"hurt","count":4},{"word":"idea","count":4},{"word":"Ikea","count":4},{"word":"iPad","count":4},{"word":"iron","count":4},{"word":"jail","count":4},{"word":"JayZ","count":4},{"word":"jazz","count":4},{"word":"jeep","count":4},{"word":"king","count":4},{"word":"kiss","count":4},{"word":"kite","count":4},{"word":"kiwi","count":4},{"word":"knee","count":4},{"word":"knot","count":4},{"word":"lady","count":4},{"word":"lake","count":4},{"word":"lamb","count":4},{"word":"lamp","count":4},{"word":"lane","count":4},{"word":"lava","count":4},{"word":"leaf","count":4},{"word":"leak","count":4},{"word":"Lego","count":4},{"word":"legs","count":4},{"word":"lens","count":4},{"word":"lily","count":4},{"word":"lime","count":4},{"word":"line","count":4},{"word":"link","count":4},{"word":"lion","count":4},{"word":"lips","count":4},{"word":"loaf","count":4},{"word":"lock","count":4},{"word":"logo","count":4},{"word":"loot","count":4},{"word":"love","count":4},{"word":"luck","count":4},{"word":"lung","count":4},{"word":"lynx","count":4},{"word":"maid","count":4},{"word":"mall","count":4},{"word":"Mars","count":4},{"word":"mask","count":4},{"word":"maze","count":4},{"word":"meal","count":4},{"word":"meat","count":4},{"word":"melt","count":4},{"word":"meme","count":4},{"word":"milk","count":4},{"word":"mime","count":4},{"word":"mint","count":4},{"word":"mold","count":4},{"word":"mole","count":4},{"word":"monk","count":4},{"word":"moon","count":4},{"word":"moss","count":4},{"word":"moth","count":4},{"word":"nail","count":4},{"word":"Nasa","count":4},{"word":"navy","count":4},{"word":"neck","count":4},{"word":"Nemo","count":4},{"word":"nerd","count":4},{"word":"nest","count":4},{"word":"Nike","count":4},{"word":"noob","count":4},{"word":"nose","count":4},{"word":"nuke","count":4},{"word":"Olaf","count":4},{"word":"open","count":4},{"word":"orca","count":4},{"word":"Oreo","count":4},{"word":"oval","count":4},{"word":"page","count":4},{"word":"pain","count":4},{"word":"palm","count":4},{"word":"park","count":4},{"word":"path","count":4},{"word":"pear","count":4},{"word":"peas","count":4},{"word":"pike","count":4},{"word":"pill","count":4},{"word":"pine","count":4},{"word":"pink","count":4},{"word":"pipe","count":4},{"word":"plow","count":4},{"word":"plug","count":4},{"word":"poke","count":4},{"word":"polo","count":4},{"word":"pond","count":4},{"word":"pony","count":4},{"word":"poop","count":4},{"word":"poor","count":4},{"word":"pope","count":4},{"word":"pray","count":4},{"word":"puma","count":4},{"word":"punk","count":4},{"word":"race","count":4},{"word":"raft","count":4},{"word":"rail","count":4},{"word":"rain","count":4},{"word":"rake","count":4},{"word":"ramp","count":4},{"word":"read","count":4},{"word":"rest","count":4},{"word":"rice","count":4},{"word":"Rick","count":4},{"word":"ring","count":4},{"word":"risk","count":4},{"word":"rock","count":4},{"word":"roll","count":4},{"word":"Rome","count":4},{"word":"roof","count":4},{"word":"room","count":4},{"word":"root","count":4},{"word":"rose","count":4},{"word":"ruby","count":4},{"word":"rune","count":4},{"word":"safe","count":4},{"word":"sale","count":4},{"word":"salt","count":4},{"word":"sand","count":4},{"word":"scar","count":4},{"word":"seal","count":4},{"word":"seed","count":4},{"word":"shoe","count":4},{"word":"shop","count":4},{"word":"sick","count":4},{"word":"silo","count":4},{"word":"sing","count":4},{"word":"sink","count":4},{"word":"skin","count":4},{"word":"slam","count":4},{"word":"slow","count":4},{"word":"snow","count":4},{"word":"soap","count":4},{"word":"soda","count":4},{"word":"soil","count":4},{"word":"soup","count":4},{"word":"spin","count":4},{"word":"spit","count":4},{"word":"stab","count":4},{"word":"star","count":4},{"word":"step","count":4},{"word":"swag","count":4},{"word":"swan","count":4},{"word":"taco","count":4},{"word":"tail","count":4},{"word":"tank","count":4},{"word":"tape","count":4},{"word":"taxi","count":4},{"word":"tear","count":4},{"word":"tent","count":4},{"word":"text","count":4},{"word":"thin","count":4},{"word":"Thor","count":4},{"word":"thug","count":4},{"word":"tiny","count":4},{"word":"tire","count":4},{"word":"toad","count":4},{"word":"tomb","count":4},{"word":"trap","count":4},{"word":"tree","count":4},{"word":"tuba","count":4},{"word":"tuna","count":4},{"word":"turd","count":4},{"word":"twig","count":4},{"word":"type","count":4},{"word":"undo","count":4},{"word":"vein","count":4},{"word":"vent","count":4},{"word":"vine","count":4},{"word":"vise","count":4},{"word":"vote","count":4},{"word":"walk","count":4},{"word":"wall","count":4},{"word":"warm","count":4},{"word":"wart","count":4},{"word":"wasp","count":4},{"word":"wave","count":4},{"word":"weak","count":4},{"word":"well","count":4},{"word":"west","count":4},{"word":"wife","count":4},{"word":"wind","count":4},{"word":"wine","count":4},{"word":"wing","count":4},{"word":"wire","count":4},{"word":"wolf","count":4},{"word":"wool","count":4},{"word":"work","count":4},{"word":"worm","count":4},{"word":"Xbox","count":4},{"word":"yawn","count":4},{"word":"yeti","count":4},{"word":"Yoda","count":4},{"word":"yolk","count":4},{"word":"Zeus","count":4},{"word":"zoom","count":4},{"word":"Zuma","count":4},{"word":"ABBA","count":4},{"word":"acid","count":4},{"word":"bull","count":4},{"word":"farm","count":4},{"word":"nose","count":4},{"word":"pain","count":4},{"word":"reed","count":4},{"word":"rice","count":4},{"word":"worm","count":4},{"word":"zuma","count":4},{"word":"abyss","count":5},{"word":"AC/DC","count":5},{"word":"acorn","count":5},{"word":"actor","count":5},{"word":"adult","count":5},{"word":"alarm","count":5},{"word":"alien","count":5},{"word":"alley","count":5},{"word":"angel","count":5},{"word":"angry","count":5},{"word":"anime","count":5},{"word":"anvil","count":5},{"word":"Apple","count":5},{"word":"armor","count":5},{"word":"arrow","count":5},{"word":"attic","count":5},{"word":"bacon","count":5},{"word":"bagel","count":5},{"word":"Bambi","count":5},{"word":"banjo","count":5},{"word":"beach","count":5},{"word":"belly","count":5},{"word":"below","count":5},{"word":"bench","count":5},{"word":"Bible","count":5},{"word":"bingo","count":5},{"word":"birch","count":5},{"word":"black","count":5},{"word":"blimp","count":5},{"word":"blind","count":5},{"word":"blood","count":5},{"word":"blush","count":5},{"word":"board","count":5},{"word":"boots","count":5},{"word":"brain","count":5},{"word":"brand","count":5},{"word":"bread","count":5},{"word":"brick","count":5},{"word":"bride","count":5},{"word":"broom","count":5},{"word":"brush","count":5},{"word":"bulge","count":5},{"word":"bunny","count":5},{"word":"cabin","count":5},{"word":"camel","count":5},{"word":"cello","count":5},{"word":"chain","count":5},{"word":"chair","count":5},{"word":"chalk","count":5},{"word":"cheek","count":5},{"word":"chess","count":5},{"word":"chest","count":5},{"word":"child","count":5},{"word":"chime","count":5},{"word":"China","count":5},{"word":"clean","count":5},{"word":"cliff","count":5},{"word":"climb","count":5},{"word":"cloak","count":5},{"word":"clock","count":5},{"word":"cloth","count":5},{"word":"cloud","count":5},{"word":"clown","count":5},{"word":"coach","count":5},{"word":"coast","count":5},{"word":"cobra","count":5},{"word":"comet","count":5},{"word":"coral","count":5},{"word":"crack","count":5},{"word":"crate","count":5},{"word":"cream","count":5},{"word":"crust","count":5},{"word":"Cupid","count":5},{"word":"curry","count":5},{"word":"daisy","count":5},{"word":"dance","count":5},{"word":"darts","count":5},{"word":"demon","count":5},{"word":"dirty","count":5},{"word":"dizzy","count":5},{"word":"dough","count":5},{"word":"drain","count":5},{"word":"drama","count":5},{"word":"dream","count":5},{"word":"dress","count":5},{"word":"drink","count":5},{"word":"drive","count":5},{"word":"drool","count":5},{"word":"Dumbo","count":5},{"word":"dwarf","count":5},{"word":"eagle","count":5},{"word":"Earth","count":5},{"word":"Egypt","count":5},{"word":"elbow","count":5},{"word":"elder","count":5},{"word":"emoji","count":5},{"word":"error","count":5},{"word":"fairy","count":5},{"word":"Fanta","count":5},{"word":"fence","count":5},{"word":"field","count":5},{"word":"Flash","count":5},{"word":"flask","count":5},{"word":"flock","count":5},{"word":"fluid","count":5},{"word":"flush","count":5},{"word":"flute","count":5},{"word":"frame","count":5},{"word":"fries","count":5},{"word":"frown","count":5},{"word":"fruit","count":5},{"word":"funny","count":5},{"word":"genie","count":5},{"word":"ghost","count":5},{"word":"giant","count":5},{"word":"glass","count":5},{"word":"globe","count":5},{"word":"gloss","count":5},{"word":"glove","count":5},{"word":"gnome","count":5},{"word":"Goofy","count":5},{"word":"goose","count":5},{"word":"graph","count":5},{"word":"grass","count":5},{"word":"grave","count":5},{"word":"greed","count":5},{"word":"grill","count":5},{"word":"groom","count":5},{"word":"gummy","count":5},{"word":"hairy","count":5},{"word":"happy","count":5},{"word":"heart","count":5},{"word":"heist","count":5},{"word":"hippo","count":5},{"word":"honey","count":5},{"word":"horse","count":5},{"word":"hotel","count":5},{"word":"house","count":5},{"word":"hyena","count":5},{"word":"India","count":5},{"word":"Intel","count":5},{"word":"Italy","count":5},{"word":"Japan","count":5},{"word":"jeans","count":5},{"word":"jello","count":5},{"word":"jelly","count":5},{"word":"Jenga","count":5},{"word":"joker","count":5},{"word":"judge","count":5},{"word":"juice","count":5},{"word":"kazoo","count":5},{"word":"kebab","count":5},{"word":"Kirby","count":5},{"word":"kneel","count":5},{"word":"knife","count":5},{"word":"koala","count":5},{"word":"label","count":5},{"word":"laser","count":5},{"word":"lasso","count":5},{"word":"leash","count":5},{"word":"leave","count":5},{"word":"leech","count":5},{"word":"lemon","count":5},{"word":"lemur","count":5},{"word":"limbo","count":5},{"word":"llama","count":5},{"word":"loser","count":5},{"word":"Luigi","count":5},{"word":"macho","count":5},{"word":"mafia","count":5},{"word":"magic","count":5},{"word":"magma","count":5},{"word":"Mario","count":5},{"word":"match","count":5},{"word":"mayor","count":5},{"word":"melon","count":5},{"word":"messy","count":5},{"word":"metal","count":5},{"word":"miner","count":5},{"word":"model","count":5},{"word":"money","count":5},{"word":"moose","count":5},{"word":"Morty","count":5},{"word":"mouse","count":5},{"word":"mouth","count":5},{"word":"movie","count":5},{"word":"Mummy","count":5},{"word":"night","count":5},{"word":"ninja","count":5},{"word":"north","count":5},{"word":"Notch","count":5},{"word":"novel","count":5},{"word":"nurse","count":5},{"word":"ocean","count":5},{"word":"onion","count":5},{"word":"opera","count":5},{"word":"orbit","count":5},{"word":"organ","count":5},{"word":"otter","count":5},{"word":"paint","count":5},{"word":"panda","count":5},{"word":"pants","count":5},{"word":"paper","count":5},{"word":"Paris","count":5},{"word":"party","count":5},{"word":"pasta","count":5},{"word":"patio","count":5},{"word":"pause","count":5},{"word":"peace","count":5},{"word":"peach","count":5},{"word":"pedal","count":5},{"word":"penny","count":5},{"word":"Pepsi","count":5},{"word":"petal","count":5},{"word":"piano","count":5},{"word":"pilot","count":5},{"word":"pinky","count":5},{"word":"pizza","count":5},{"word":"plank","count":5},{"word":"plate","count":5},{"word":"Pluto","count":5},{"word":"point","count":5},{"word":"poppy","count":5},{"word":"porch","count":5},{"word":"pound","count":5},{"word":"prawn","count":5},{"word":"prism","count":5},{"word":"prune","count":5},{"word":"Pumba","count":5},{"word":"purse","count":5},{"word":"queen","count":5},{"word":"queue","count":5},{"word":"quill","count":5},{"word":"quilt","count":5},{"word":"radar","count":5},{"word":"radio","count":5},{"word":"razor","count":5},{"word":"reeds","count":5},{"word":"river","count":5},{"word":"robin","count":5},{"word":"robot","count":5},{"word":"royal","count":5},{"word":"ruler","count":5},{"word":"salad","count":5},{"word":"Santa","count":5},{"word":"sauce","count":5},{"word":"sauna","count":5},{"word":"scarf","count":5},{"word":"scary","count":5},{"word":"scent","count":5},{"word":"scoop","count":5},{"word":"score","count":5},{"word":"screw","count":5},{"word":"scuba","count":5},{"word":"shake","count":5},{"word":"shape","count":5},{"word":"shark","count":5},{"word":"sheep","count":5},{"word":"shelf","count":5},{"word":"shell","count":5},{"word":"shirt","count":5},{"word":"shock","count":5},{"word":"short","count":5},{"word":"shout","count":5},{"word":"Shrek","count":5},{"word":"shrew","count":5},{"word":"shrub","count":5},{"word":"skull","count":5},{"word":"skunk","count":5},{"word":"Skype","count":5},{"word":"sleep","count":5},{"word":"slide","count":5},{"word":"slime","count":5},{"word":"slope","count":5},{"word":"sloth","count":5},{"word":"slump","count":5},{"word":"smell","count":5},{"word":"smile","count":5},{"word":"smoke","count":5},{"word":"snail","count":5},{"word":"snake","count":5},{"word":"socks","count":5},{"word":"Sonic","count":5},{"word":"sound","count":5},{"word":"south","count":5},{"word":"space","count":5},{"word":"spade","count":5},{"word":"Spain","count":5},{"word":"spark","count":5},{"word":"spear","count":5},{"word":"spine","count":5},{"word":"spool","count":5},{"word":"spoon","count":5},{"word":"spore","count":5},{"word":"squid","count":5},{"word":"stage","count":5},{"word":"stamp","count":5},{"word":"stand","count":5},{"word":"Steam","count":5},{"word":"sting","count":5},{"word":"stone","count":5},{"word":"stork","count":5},{"word":"storm","count":5},{"word":"stove","count":5},{"word":"straw","count":5},{"word":"study","count":5},{"word":"sugar","count":5},{"word":"sushi","count":5},{"word":"swamp","count":5},{"word":"swarm","count":5},{"word":"sweat","count":5},{"word":"swing","count":5},{"word":"sword","count":5},{"word":"table","count":5},{"word":"Tails","count":5},{"word":"taser","count":5},{"word":"thief","count":5},{"word":"think","count":5},{"word":"thumb","count":5},{"word":"tiger","count":5},{"word":"tired","count":5},{"word":"toast","count":5},{"word":"tooth","count":5},{"word":"torch","count":5},{"word":"totem","count":5},{"word":"touch","count":5},{"word":"towel","count":5},{"word":"tower","count":5},{"word":"train","count":5},{"word":"trend","count":5},{"word":"T-rex","count":5},{"word":"truck","count":5},{"word":"tumor","count":5},{"word":"udder","count":5},{"word":"uncle","count":5},{"word":"vault","count":5},{"word":"Venus","count":5},{"word":"video","count":5},{"word":"viola","count":5},{"word":"virus","count":5},{"word":"vodka","count":5},{"word":"vomit","count":5},{"word":"waist","count":5},{"word":"watch","count":5},{"word":"water","count":5},{"word":"whale","count":5},{"word":"wheel","count":5},{"word":"whisk","count":5},{"word":"white","count":5},{"word":"witch","count":5},{"word":"W-LAN","count":5},{"word":"world","count":5},{"word":"wound","count":5},{"word":"wrist","count":5},{"word":"Xerox","count":5},{"word":"x-ray","count":5},{"word":"yacht","count":5},{"word":"Yoshi","count":5},{"word":"young","count":5},{"word":"yo-yo","count":5},{"word":"zebra","count":5},{"word":"Zelda","count":5},{"word":"Zorro","count":5},{"word":"nurse","count":5},{"word":"pound","count":5},{"word":"space","count":5},{"word":"squid","count":5},{"word":"trend","count":5},{"word":"action","count":6},{"word":"Adidas","count":6},{"word":"Africa","count":6},{"word":"airbag","count":6},{"word":"almond","count":6},{"word":"alpaca","count":6},{"word":"anchor","count":6},{"word":"Anubis","count":6},{"word":"archer","count":6},{"word":"armpit","count":6},{"word":"baboon","count":6},{"word":"badger","count":6},{"word":"bakery","count":6},{"word":"ballet","count":6},{"word":"bamboo","count":6},{"word":"banana","count":6},{"word":"banker","count":6},{"word":"barber","count":6},{"word":"barrel","count":6},{"word":"basket","count":6},{"word":"Batman","count":6},{"word":"battle","count":6},{"word":"beanie","count":6},{"word":"beaver","count":6},{"word":"beetle","count":6},{"word":"bellow","count":6},{"word":"betray","count":6},{"word":"bleach","count":6},{"word":"booger","count":6},{"word":"border","count":6},{"word":"bottle","count":6},{"word":"bounce","count":6},{"word":"braces","count":6},{"word":"branch","count":6},{"word":"Brazil","count":6},{"word":"breath","count":6},{"word":"bridge","count":6},{"word":"bronze","count":6},{"word":"bruise","count":6},{"word":"bubble","count":6},{"word":"bucket","count":6},{"word":"bullet","count":6},{"word":"bumper","count":6},{"word":"butler","count":6},{"word":"butter","count":6},{"word":"button","count":6},{"word":"cactus","count":6},{"word":"camera","count":6},{"word":"Canada","count":6},{"word":"canary","count":6},{"word":"candle","count":6},{"word":"cannon","count":6},{"word":"canyon","count":6},{"word":"carpet","count":6},{"word":"carrot","count":6},{"word":"casino","count":6},{"word":"caviar","count":6},{"word":"cement","count":6},{"word":"cheeks","count":6},{"word":"cheese","count":6},{"word":"cherry","count":6},{"word":"Chrome","count":6},{"word":"church","count":6},{"word":"cicada","count":6},{"word":"cinema","count":6},{"word":"circle","count":6},{"word":"circus","count":6},{"word":"clover","count":6},{"word":"cocoon","count":6},{"word":"coffee","count":6},{"word":"coffin","count":6},{"word":"collar","count":6},{"word":"comedy","count":6},{"word":"cookie","count":6},{"word":"copper","count":6},{"word":"corner","count":6},{"word":"corpse","count":6},{"word":"cotton","count":6},{"word":"cousin","count":6},{"word":"cowboy","count":6},{"word":"coyote","count":6},{"word":"crayon","count":6},{"word":"credit","count":6},{"word":"cringe","count":6},{"word":"cruise","count":6},{"word":"cuckoo","count":6},{"word":"cyborg","count":6},{"word":"cymbal","count":6},{"word":"dagger","count":6},{"word":"Darwin","count":6},{"word":"desert","count":6},{"word":"Dexter","count":6},{"word":"diaper","count":6},{"word":"dinner","count":6},{"word":"doctor","count":6},{"word":"dollar","count":6},{"word":"donkey","count":6},{"word":"double","count":6},{"word":"dragon","count":6},{"word":"drawer","count":6},{"word":"driver","count":6},{"word":"earwax","count":6},{"word":"Easter","count":6},{"word":"embers","count":6},{"word":"Eminem","count":6},{"word":"engine","count":6},{"word":"eraser","count":6},{"word":"eskimo","count":6},{"word":"Europe","count":6},{"word":"fabric","count":6},{"word":"facade","count":6},{"word":"family","count":6},{"word":"farmer","count":6},{"word":"father","count":6},{"word":"faucet","count":6},{"word":"filter","count":6},{"word":"finger","count":6},{"word":"flower","count":6},{"word":"folder","count":6},{"word":"forest","count":6},{"word":"fossil","count":6},{"word":"France","count":6},{"word":"fridge","count":6},{"word":"galaxy","count":6},{"word":"Gandhi","count":6},{"word":"garage","count":6},{"word":"garden","count":6},{"word":"garlic","count":6},{"word":"gender","count":6},{"word":"gentle","count":6},{"word":"geyser","count":6},{"word":"goatee","count":6},{"word":"goblin","count":6},{"word":"Google","count":6},{"word":"grapes","count":6},{"word":"gravel","count":6},{"word":"Greece","count":6},{"word":"Grinch","count":6},{"word":"grumpy","count":6},{"word":"guitar","count":6},{"word":"hacker","count":6},{"word":"hammer","count":6},{"word":"handle","count":6},{"word":"hanger","count":6},{"word":"harbor","count":6},{"word":"Hawaii","count":6},{"word":"hazard","count":6},{"word":"health","count":6},{"word":"helmet","count":6},{"word":"hermit","count":6},{"word":"hippie","count":6},{"word":"hobbit","count":6},{"word":"hockey","count":6},{"word":"hunger","count":6},{"word":"hunter","count":6},{"word":"hurdle","count":6},{"word":"icicle","count":6},{"word":"impact","count":6},{"word":"insect","count":6},{"word":"inside","count":6},{"word":"iPhone","count":6},{"word":"island","count":6},{"word":"Israel","count":6},{"word":"jacket","count":6},{"word":"jaguar","count":6},{"word":"jester","count":6},{"word":"juggle","count":6},{"word":"jungle","count":6},{"word":"karate","count":6},{"word":"katana","count":6},{"word":"Kermit","count":6},{"word":"kettle","count":6},{"word":"kidney","count":6},{"word":"kitten","count":6},{"word":"knight","count":6},{"word":"kraken","count":6},{"word":"ladder","count":6},{"word":"laptop","count":6},{"word":"lawyer","count":6},{"word":"leader","count":6},{"word":"lizard","count":6},{"word":"London","count":6},{"word":"lotion","count":6},{"word":"lounge","count":6},{"word":"lyrics","count":6},{"word":"magnet","count":6},{"word":"makeup","count":6},{"word":"mantis","count":6},{"word":"marble","count":6},{"word":"market","count":6},{"word":"marmot","count":6},{"word":"mascot","count":6},{"word":"Medusa","count":6},{"word":"Mexico","count":6},{"word":"Minion","count":6},{"word":"minute","count":6},{"word":"mirror","count":6},{"word":"mohawk","count":6},{"word":"Monday","count":6},{"word":"monkey","count":6},{"word":"mother","count":6},{"word":"Mozart","count":6},{"word":"muffin","count":6},{"word":"muscle","count":6},{"word":"museum","count":6},{"word":"musket","count":6},{"word":"nachos","count":6},{"word":"napkin","count":6},{"word":"NASCAR","count":6},{"word":"nature","count":6},{"word":"needle","count":6},{"word":"nickel","count":6},{"word":"noodle","count":6},{"word":"Norway","count":6},{"word":"nugget","count":6},{"word":"nutmeg","count":6},{"word":"Obelix","count":6},{"word":"office","count":6},{"word":"omelet","count":6},{"word":"orange","count":6},{"word":"orchid","count":6},{"word":"oxygen","count":6},{"word":"oyster","count":6},{"word":"paddle","count":6},{"word":"palace","count":6},{"word":"papaya","count":6},{"word":"parade","count":6},{"word":"parrot","count":6},{"word":"pastry","count":6},{"word":"Paypal","count":6},{"word":"peanut","count":6},{"word":"pencil","count":6},{"word":"pepper","count":6},{"word":"person","count":6},{"word":"pickle","count":6},{"word":"picnic","count":6},{"word":"pigeon","count":6},{"word":"pigsty","count":6},{"word":"pillar","count":6},{"word":"pillow","count":6},{"word":"pimple","count":6},{"word":"pirate","count":6},{"word":"pistol","count":6},{"word":"plague","count":6},{"word":"planet","count":6},{"word":"player","count":6},{"word":"pocket","count":6},{"word":"poison","count":6},{"word":"poodle","count":6},{"word":"Popeye","count":6},{"word":"portal","count":6},{"word":"poster","count":6},{"word":"potato","count":6},{"word":"potion","count":6},{"word":"powder","count":6},{"word":"preach","count":6},{"word":"priest","count":6},{"word":"prince","count":6},{"word":"prison","count":6},{"word":"puddle","count":6},{"word":"puffin","count":6},{"word":"puppet","count":6},{"word":"purity","count":6},{"word":"puzzle","count":6},{"word":"quokka","count":6},{"word":"radish","count":6},{"word":"raisin","count":6},{"word":"rapper","count":6},{"word":"record","count":6},{"word":"Reddit","count":6},{"word":"remote","count":6},{"word":"repeat","count":6},{"word":"retail","count":6},{"word":"rewind","count":6},{"word":"ribbon","count":6},{"word":"robber","count":6},{"word":"rocket","count":6},{"word":"rubber","count":6},{"word":"Russia","count":6},{"word":"saddle","count":6},{"word":"safari","count":6},{"word":"saliva","count":6},{"word":"salmon","count":6},{"word":"Saturn","count":6},{"word":"school","count":6},{"word":"scream","count":6},{"word":"screen","count":6},{"word":"scythe","count":6},{"word":"search","count":6},{"word":"season","count":6},{"word":"second","count":6},{"word":"seesaw","count":6},{"word":"Segway","count":6},{"word":"sensei","count":6},{"word":"server","count":6},{"word":"shadow","count":6},{"word":"shovel","count":6},{"word":"shower","count":6},{"word":"silver","count":6},{"word":"skates","count":6},{"word":"skinny","count":6},{"word":"sledge","count":6},{"word":"sleeve","count":6},{"word":"Slinky","count":6},{"word":"sneeze","count":6},{"word":"sniper","count":6},{"word":"soccer","count":6},{"word":"socket","count":6},{"word":"sphinx","count":6},{"word":"spider","count":6},{"word":"spiral","count":6},{"word":"sponge","count":6},{"word":"sports","count":6},{"word":"spring","count":6},{"word":"square","count":6},{"word":"statue","count":6},{"word":"stereo","count":6},{"word":"stoned","count":6},{"word":"street","count":6},{"word":"stress","count":6},{"word":"strong","count":6},{"word":"studio","count":6},{"word":"stylus","count":6},{"word":"subway","count":6},{"word":"Sudoku","count":6},{"word":"summer","count":6},{"word":"switch","count":6},{"word":"tablet","count":6},{"word":"tailor","count":6},{"word":"tampon","count":6},{"word":"target","count":6},{"word":"Tarzan","count":6},{"word":"tattoo","count":6},{"word":"teapot","count":6},{"word":"tennis","count":6},{"word":"Tetris","count":6},{"word":"thirst","count":6},{"word":"throat","count":6},{"word":"throne","count":6},{"word":"ticket","count":6},{"word":"tickle","count":6},{"word":"tissue","count":6},{"word":"toilet","count":6},{"word":"tomato","count":6},{"word":"tongue","count":6},{"word":"toucan","count":6},{"word":"tripod","count":6},{"word":"trophy","count":6},{"word":"tunnel","count":6},{"word":"turkey","count":6},{"word":"turnip","count":6},{"word":"turtle","count":6},{"word":"tuxedo","count":6},{"word":"Tweety","count":6},{"word":"Uranus","count":6},{"word":"vacuum","count":6},{"word":"valley","count":6},{"word":"vanish","count":6},{"word":"victim","count":6},{"word":"violin","count":6},{"word":"vision","count":6},{"word":"volume","count":6},{"word":"voodoo","count":6},{"word":"vortex","count":6},{"word":"waffle","count":6},{"word":"waiter","count":6},{"word":"Wall-e","count":6},{"word":"walnut","count":6},{"word":"walrus","count":6},{"word":"wealth","count":6},{"word":"weapon","count":6},{"word":"weasel","count":6},{"word":"welder","count":6},{"word":"wiggle","count":6},{"word":"willow","count":6},{"word":"window","count":6},{"word":"winner","count":6},{"word":"winter","count":6},{"word":"wizard","count":6},{"word":"wreath","count":6},{"word":"wrench","count":6},{"word":"writer","count":6},{"word":"yellow","count":6},{"word":"yogurt","count":6},{"word":"zigzag","count":6},{"word":"zipper","count":6},{"word":"zombie","count":6},{"word":"Addida","count":6},{"word":"gentle","count":6},{"word":"Grinch","count":6},{"word":"repeat","count":6},{"word":"Tarzan","count":6},{"word":"airport","count":7},{"word":"Aladdin","count":7},{"word":"alcohol","count":7},{"word":"allergy","count":7},{"word":"America","count":7},{"word":"Android","count":7},{"word":"antenna","count":7},{"word":"anthill","count":7},{"word":"apricot","count":7},{"word":"assault","count":7},{"word":"Asterix","count":7},{"word":"athlete","count":7},{"word":"avocado","count":7},{"word":"baklava","count":7},{"word":"balance","count":7},{"word":"balcony","count":7},{"word":"balloon","count":7},{"word":"bandage","count":7},{"word":"bandana","count":7},{"word":"barcode","count":7},{"word":"bathtub","count":7},{"word":"battery","count":7},{"word":"bayonet","count":7},{"word":"bazooka","count":7},{"word":"beatbox","count":7},{"word":"bed bug","count":7},{"word":"bedtime","count":7},{"word":"bicycle","count":7},{"word":"Big Ben","count":7},{"word":"biology","count":7},{"word":"biscuit","count":7},{"word":"Bitcoin","count":7},{"word":"blanket","count":7},{"word":"blender","count":7},{"word":"bobsled","count":7},{"word":"bouncer","count":7},{"word":"bowling","count":7},{"word":"brownie","count":7},{"word":"burglar","count":7},{"word":"burrito","count":7},{"word":"butcher","count":7},{"word":"cabinet","count":7},{"word":"camping","count":7},{"word":"captain","count":7},{"word":"cartoon","count":7},{"word":"catalog","count":7},{"word":"catfish","count":7},{"word":"caveman","count":7},{"word":"ceiling","count":7},{"word":"centaur","count":7},{"word":"charger","count":7},{"word":"cheetah","count":7},{"word":"chicken","count":7},{"word":"chimney","count":7},{"word":"coaster","count":7},{"word":"coconut","count":7},{"word":"compass","count":7},{"word":"concert","count":7},{"word":"console","count":7},{"word":"country","count":7},{"word":"cowbell","count":7},{"word":"Creeper","count":7},{"word":"cricket","count":7},{"word":"Croatia","count":7},{"word":"crowbar","count":7},{"word":"crystal","count":7},{"word":"cupcake","count":7},{"word":"curtain","count":7},{"word":"cushion","count":7},{"word":"defense","count":7},{"word":"dentist","count":7},{"word":"dessert","count":7},{"word":"diagram","count":7},{"word":"diamond","count":7},{"word":"diploma","count":7},{"word":"Discord","count":7},{"word":"disease","count":7},{"word":"dishrag","count":7},{"word":"display","count":7},{"word":"divorce","count":7},{"word":"dolphin","count":7},{"word":"Doritos","count":7},{"word":"Dracula","count":7},{"word":"droplet","count":7},{"word":"drought","count":7},{"word":"earbuds","count":7},{"word":"eclipse","count":7},{"word":"emerald","count":7},{"word":"England","count":7},{"word":"equator","count":7},{"word":"evening","count":7},{"word":"eyebrow","count":7},{"word":"eyelash","count":7},{"word":"factory","count":7},{"word":"failure","count":7},{"word":"feather","count":7},{"word":"fencing","count":7},{"word":"Ferrari","count":7},{"word":"firefly","count":7},{"word":"fireman","count":7},{"word":"Florida","count":7},{"word":"florist","count":7},{"word":"fortune","count":7},{"word":"freezer","count":7},{"word":"funeral","count":7},{"word":"Gandalf","count":7},{"word":"garbage","count":7},{"word":"Germany","count":7},{"word":"giraffe","count":7},{"word":"glasses","count":7},{"word":"glitter","count":7},{"word":"gorilla","count":7},{"word":"gravity","count":7},{"word":"grenade","count":7},{"word":"Gumball","count":7},{"word":"haircut","count":7},{"word":"hammock","count":7},{"word":"hamster","count":7},{"word":"harpoon","count":7},{"word":"hashtag","count":7},{"word":"heading","count":7},{"word":"hexagon","count":7},{"word":"highway","count":7},{"word":"hip hop","count":7},{"word":"holiday","count":7},{"word":"horizon","count":7},{"word":"hot dog","count":7},{"word":"husband","count":7},{"word":"iceberg","count":7},{"word":"Ireland","count":7},{"word":"janitor","count":7},{"word":"jet ski","count":7},{"word":"journey","count":7},{"word":"karaoke","count":7},{"word":"kendama","count":7},{"word":"ketchup","count":7},{"word":"kitchen","count":7},{"word":"knuckle","count":7},{"word":"Kung Fu","count":7},{"word":"ladybug","count":7},{"word":"lantern","count":7},{"word":"Lasagna","count":7},{"word":"laundry","count":7},{"word":"leather","count":7},{"word":"lettuce","count":7},{"word":"library","count":7},{"word":"lighter","count":7},{"word":"lilypad","count":7},{"word":"loading","count":7},{"word":"lobster","count":7},{"word":"lottery","count":7},{"word":"luggage","count":7},{"word":"machine","count":7},{"word":"mailbox","count":7},{"word":"mailman","count":7},{"word":"mammoth","count":7},{"word":"manatee","count":7},{"word":"manhole","count":7},{"word":"mansion","count":7},{"word":"maracas","count":7},{"word":"massage","count":7},{"word":"meerkat","count":7},{"word":"Mercury","count":7},{"word":"mermaid","count":7},{"word":"message","count":7},{"word":"milkman","count":7},{"word":"minivan","count":7},{"word":"missile","count":7},{"word":"monster","count":7},{"word":"morning","count":7},{"word":"Mr Bean","count":7},{"word":"mustard","count":7},{"word":"narwhal","count":7},{"word":"Neptune","count":7},{"word":"network","count":7},{"word":"notepad","count":7},{"word":"nothing","count":7},{"word":"Nutella","count":7},{"word":"octagon","count":7},{"word":"octopus","count":7},{"word":"origami","count":7},{"word":"ostrich","count":7},{"word":"outside","count":7},{"word":"Pac-Man","count":7},{"word":"pajamas","count":7},{"word":"palette","count":7},{"word":"pancake","count":7},{"word":"panther","count":7},{"word":"parents","count":7},{"word":"parking","count":7},{"word":"patient","count":7},{"word":"Patrick","count":7},{"word":"patriot","count":7},{"word":"peacock","count":7},{"word":"peasant","count":7},{"word":"pelican","count":7},{"word":"penguin","count":7},{"word":"perfume","count":7},{"word":"Picasso","count":7},{"word":"pickaxe","count":7},{"word":"Pikachu","count":7},{"word":"pinball","count":7},{"word":"plumber","count":7},{"word":"plunger","count":7},{"word":"Pokemon","count":7},{"word":"popcorn","count":7},{"word":"popular","count":7},{"word":"present","count":7},{"word":"pretzel","count":7},{"word":"printer","count":7},{"word":"protest","count":7},{"word":"provoke","count":7},{"word":"pudding","count":7},{"word":"pumpkin","count":7},{"word":"pyramid","count":7},{"word":"quarter","count":7},{"word":"raccoon","count":7},{"word":"racecar","count":7},{"word":"rainbow","count":7},{"word":"ravioli","count":7},{"word":"reality","count":7},{"word":"referee","count":7},{"word":"reptile","count":7},{"word":"Romania","count":7},{"word":"rooster","count":7},{"word":"Samsung","count":7},{"word":"sandbox","count":7},{"word":"sausage","count":7},{"word":"science","count":7},{"word":"seafood","count":7},{"word":"seagull","count":7},{"word":"seasick","count":7},{"word":"seaweed","count":7},{"word":"shallow","count":7},{"word":"shampoo","count":7},{"word":"shoebox","count":7},{"word":"shotgun","count":7},{"word":"silence","count":7},{"word":"skyline","count":7},{"word":"snowman","count":7},{"word":"soldier","count":7},{"word":"spatula","count":7},{"word":"speaker","count":7},{"word":"spinach","count":7},{"word":"spoiler","count":7},{"word":"stadium","count":7},{"word":"stapler","count":7},{"word":"stomach","count":7},{"word":"student","count":7},{"word":"sunburn","count":7},{"word":"sunrise","count":7},{"word":"surface","count":7},{"word":"surgeon","count":7},{"word":"sweater","count":7},{"word":"tadpole","count":7},{"word":"teacher","count":7},{"word":"thunder","count":7},{"word":"timpani","count":7},{"word":"Titanic","count":7},{"word":"toaster","count":7},{"word":"toenail","count":7},{"word":"toolbox","count":7},{"word":"top hat","count":7},{"word":"tornado","count":7},{"word":"torpedo","count":7},{"word":"tourist","count":7},{"word":"tractor","count":7},{"word":"traffic","count":7},{"word":"trailer","count":7},{"word":"trigger","count":7},{"word":"trumpet","count":7},{"word":"Twitter","count":7},{"word":"Ukraine","count":7},{"word":"ukulele","count":7},{"word":"unibrow","count":7},{"word":"unicorn","count":7},{"word":"uniform","count":7},{"word":"upgrade","count":7},{"word":"vaccine","count":7},{"word":"vampire","count":7},{"word":"vanilla","count":7},{"word":"Vatican","count":7},{"word":"victory","count":7},{"word":"village","count":7},{"word":"villain","count":7},{"word":"vinegar","count":7},{"word":"vitamin","count":7},{"word":"vlogger","count":7},{"word":"volcano","count":7},{"word":"vulture","count":7},{"word":"wake up","count":7},{"word":"weather","count":7},{"word":"website","count":7},{"word":"wedding","count":7},{"word":"western","count":7},{"word":"whisper","count":7},{"word":"whistle","count":7},{"word":"wingnut","count":7},{"word":"witness","count":7},{"word":"wrinkle","count":7},{"word":"Youtube","count":7},{"word":"zipline","count":7},{"word":"mermaid","count":7},{"word":"nothing","count":7},{"word":"pancake","count":7},{"word":"abstract","count":8},{"word":"accident","count":8},{"word":"addition","count":8},{"word":"adorable","count":8},{"word":"aircraft","count":8},{"word":"airplane","count":8},{"word":"anaconda","count":8},{"word":"anteater","count":8},{"word":"antelope","count":8},{"word":"applause","count":8},{"word":"aquarium","count":8},{"word":"assassin","count":8},{"word":"asteroid","count":8},{"word":"Atlantis","count":8},{"word":"audience","count":8},{"word":"backbone","count":8},{"word":"backflip","count":8},{"word":"backpack","count":8},{"word":"bagpipes","count":8},{"word":"baguette","count":8},{"word":"Band-Aid","count":8},{"word":"barbecue","count":8},{"word":"basement","count":8},{"word":"bathroom","count":8},{"word":"bean bag","count":8},{"word":"birthday","count":8},{"word":"blizzard","count":8},{"word":"blowfish","count":8},{"word":"bookmark","count":8},{"word":"bracelet","count":8},{"word":"broccoli","count":8},{"word":"brunette","count":8},{"word":"building","count":8},{"word":"bunk bed","count":8},{"word":"bus stop","count":8},{"word":"calendar","count":8},{"word":"campfire","count":8},{"word":"canister","count":8},{"word":"car wash","count":8},{"word":"carnival","count":8},{"word":"catapult","count":8},{"word":"cauldron","count":8},{"word":"Cerberus","count":8},{"word":"chainsaw","count":8},{"word":"champion","count":8},{"word":"chemical","count":8},{"word":"chestnut","count":8},{"word":"clarinet","count":8},{"word":"cocktail","count":8},{"word":"collapse","count":8},{"word":"comedian","count":8},{"word":"complete","count":8},{"word":"computer","count":8},{"word":"confused","count":8},{"word":"corn dog","count":8},{"word":"crossbow","count":8},{"word":"crucible","count":8},{"word":"cucumber","count":8},{"word":"cupboard","count":8},{"word":"customer","count":8},{"word":"cylinder","count":8},{"word":"dandruff","count":8},{"word":"daughter","count":8},{"word":"Deadpool","count":8},{"word":"delivery","count":8},{"word":"detonate","count":8},{"word":"diagonal","count":8},{"word":"dinosaur","count":8},{"word":"disaster","count":8},{"word":"distance","count":8},{"word":"doghouse","count":8},{"word":"dominoes","count":8},{"word":"doorknob","count":8},{"word":"download","count":8},{"word":"drum kit","count":8},{"word":"dynamite","count":8},{"word":"eggplant","count":8},{"word":"Einstein","count":8},{"word":"election","count":8},{"word":"elephant","count":8},{"word":"elevator","count":8},{"word":"employer","count":8},{"word":"engineer","count":8},{"word":"espresso","count":8},{"word":"exercise","count":8},{"word":"fabulous","count":8},{"word":"Facebook","count":8},{"word":"festival","count":8},{"word":"figurine","count":8},{"word":"fireball","count":8},{"word":"fireside","count":8},{"word":"firework","count":8},{"word":"flagpole","count":8},{"word":"flamingo","count":8},{"word":"forehead","count":8},{"word":"fortress","count":8},{"word":"fountain","count":8},{"word":"freckles","count":8},{"word":"frosting","count":8},{"word":"gangster","count":8},{"word":"gardener","count":8},{"word":"Garfield","count":8},{"word":"gas mask","count":8},{"word":"gasoline","count":8},{"word":"goldfish","count":8},{"word":"graffiti","count":8},{"word":"handicap","count":8},{"word":"hard hat","count":8},{"word":"hay bale","count":8},{"word":"hazelnut","count":8},{"word":"headache","count":8},{"word":"headband","count":8},{"word":"hedgehog","count":8},{"word":"Hercules","count":8},{"word":"homeless","count":8},{"word":"hospital","count":8},{"word":"industry","count":8},{"word":"infinite","count":8},{"word":"insomnia","count":8},{"word":"internet","count":8},{"word":"invasion","count":8},{"word":"Iron Man","count":8},{"word":"jalapeno","count":8},{"word":"kangaroo","count":8},{"word":"keyboard","count":8},{"word":"landlord","count":8},{"word":"language","count":8},{"word":"lemonade","count":8},{"word":"levitate","count":8},{"word":"licorice","count":8},{"word":"lipstick","count":8},{"word":"lollipop","count":8},{"word":"macaroni","count":8},{"word":"magazine","count":8},{"word":"magician","count":8},{"word":"manicure","count":8},{"word":"marathon","count":8},{"word":"marigold","count":8},{"word":"matchbox","count":8},{"word":"mattress","count":8},{"word":"meatball","count":8},{"word":"meatloaf","count":8},{"word":"mechanic","count":8},{"word":"Mercedes","count":8},{"word":"midnight","count":8},{"word":"military","count":8},{"word":"Miniclip","count":8},{"word":"minigolf","count":8},{"word":"minority","count":8},{"word":"Minotaur","count":8},{"word":"mosquito","count":8},{"word":"mothball","count":8},{"word":"mountain","count":8},{"word":"Mr. Bean","count":8},{"word":"murderer","count":8},{"word":"mushroom","count":8},{"word":"mustache","count":8},{"word":"neighbor","count":8},{"word":"nostrils","count":8},{"word":"notebook","count":8},{"word":"nutshell","count":8},{"word":"panpipes","count":8},{"word":"parakeet","count":8},{"word":"password","count":8},{"word":"pavement","count":8},{"word":"pendulum","count":8},{"word":"pet food","count":8},{"word":"pet shop","count":8},{"word":"pinwheel","count":8},{"word":"platypus","count":8},{"word":"ponytail","count":8},{"word":"Popsicle","count":8},{"word":"portrait","count":8},{"word":"Portugal","count":8},{"word":"Poseidon","count":8},{"word":"positive","count":8},{"word":"postcard","count":8},{"word":"pregnant","count":8},{"word":"princess","count":8},{"word":"Pringles","count":8},{"word":"raincoat","count":8},{"word":"raindrop","count":8},{"word":"reindeer","count":8},{"word":"religion","count":8},{"word":"revolver","count":8},{"word":"ringtone","count":8},{"word":"rockstar","count":8},{"word":"sailboat","count":8},{"word":"sandwich","count":8},{"word":"scissors","count":8},{"word":"Scotland","count":8},{"word":"scribble","count":8},{"word":"sea lion","count":8},{"word":"seahorse","count":8},{"word":"seashell","count":8},{"word":"security","count":8},{"word":"shoelace","count":8},{"word":"shopping","count":8},{"word":"shoulder","count":8},{"word":"six pack","count":8},{"word":"skeleton","count":8},{"word":"ski jump","count":8},{"word":"Skittles","count":8},{"word":"Skrillex","count":8},{"word":"slippery","count":8},{"word":"snowball","count":8},{"word":"sombrero","count":8},{"word":"sparkles","count":8},{"word":"squirrel","count":8},{"word":"starfish","count":8},{"word":"stingray","count":8},{"word":"streamer","count":8},{"word":"suitcase","count":8},{"word":"sunshade","count":8},{"word":"Superman","count":8},{"word":"survivor","count":8},{"word":"swimsuit","count":8},{"word":"symphony","count":8},{"word":"tabletop","count":8},{"word":"take off","count":8},{"word":"teaspoon","count":8},{"word":"tentacle","count":8},{"word":"tiramisu","count":8},{"word":"tortoise","count":8},{"word":"trapdoor","count":8},{"word":"traveler","count":8},{"word":"treasure","count":8},{"word":"triangle","count":8},{"word":"tricycle","count":8},{"word":"triplets","count":8},{"word":"trombone","count":8},{"word":"tropical","count":8},{"word":"umbrella","count":8},{"word":"unicycle","count":8},{"word":"universe","count":8},{"word":"vacation","count":8},{"word":"vertical","count":8},{"word":"violence","count":8},{"word":"vuvuzela","count":8},{"word":"werewolf","count":8},{"word":"WhatsApp","count":8},{"word":"windmill","count":8},{"word":"wireless","count":8},{"word":"wrapping","count":8},{"word":"wrestler","count":8},{"word":"yearbook","count":8},{"word":"youtuber","count":8},{"word":"zeppelin","count":8},{"word":"antelope","count":8},{"word":"marathon","count":8},{"word":"accordion","count":9},{"word":"addiction","count":9},{"word":"afterlife","count":9},{"word":"albatross","count":9},{"word":"alligator","count":9},{"word":"ambulance","count":9},{"word":"Amsterdam","count":9},{"word":"animation","count":9},{"word":"antivirus","count":9},{"word":"apartment","count":9},{"word":"apple pie","count":9},{"word":"architect","count":9},{"word":"Argentina","count":9},{"word":"armadillo","count":9},{"word":"astronaut","count":9},{"word":"asymmetry","count":9},{"word":"Australia","count":9},{"word":"autograph","count":9},{"word":"back pain","count":9},{"word":"ballerina","count":9},{"word":"barbarian","count":9},{"word":"bartender","count":9},{"word":"beanstalk","count":9},{"word":"bear trap","count":9},{"word":"bed sheet","count":9},{"word":"Beethoven","count":9},{"word":"billiards","count":9},{"word":"bird bath","count":9},{"word":"blindfold","count":9},{"word":"blueberry","count":9},{"word":"bodyguard","count":9},{"word":"Bomberman","count":9},{"word":"bookshelf","count":9},{"word":"boomerang","count":9},{"word":"brainwash","count":9},{"word":"breakfast","count":9},{"word":"broadcast","count":9},{"word":"Bruce Lee","count":9},{"word":"bulldozer","count":9},{"word":"butterfly","count":9},{"word":"Capricorn","count":9},{"word":"cardboard","count":9},{"word":"carnivore","count":9},{"word":"carpenter","count":9},{"word":"Cat Woman","count":9},{"word":"cathedral","count":9},{"word":"celebrate","count":9},{"word":"celebrity","count":9},{"word":"centipede","count":9},{"word":"chameleon","count":9},{"word":"champagne","count":9},{"word":"Chewbacca","count":9},{"word":"chihuahua","count":9},{"word":"Chinatown","count":9},{"word":"chocolate","count":9},{"word":"Christmas","count":9},{"word":"cigarette","count":9},{"word":"classroom","count":9},{"word":"clickbait","count":9},{"word":"clownfish","count":9},{"word":"cockroach","count":9},{"word":"Colosseum","count":9},{"word":"commander","count":9},{"word":"communism","count":9},{"word":"community","count":9},{"word":"condiment","count":9},{"word":"continent","count":9},{"word":"corkscrew","count":9},{"word":"cornfield","count":9},{"word":"crocodile","count":9},{"word":"croissant","count":9},{"word":"dalmatian","count":9},{"word":"dandelion","count":9},{"word":"dashboard","count":9},{"word":"deodorant","count":9},{"word":"depressed","count":9},{"word":"desperate","count":9},{"word":"detective","count":9},{"word":"dispenser","count":9},{"word":"dollhouse","count":9},{"word":"dragonfly","count":9},{"word":"duct tape","count":9},{"word":"Elon Musk","count":9},{"word":"evaporate","count":9},{"word":"evolution","count":9},{"word":"Excalibur","count":9},{"word":"excavator","count":9},{"word":"explosion","count":9},{"word":"eyeshadow","count":9},{"word":"fast food","count":9},{"word":"filmmaker","count":9},{"word":"fingertip","count":9},{"word":"firehouse","count":9},{"word":"fireplace","count":9},{"word":"fireproof","count":9},{"word":"fish bowl","count":9},{"word":"fisherman","count":9},{"word":"frostbite","count":9},{"word":"full moon","count":9},{"word":"furniture","count":9},{"word":"generator","count":9},{"word":"gentleman","count":9},{"word":"geography","count":9},{"word":"gladiator","count":9},{"word":"glowstick","count":9},{"word":"godfather","count":9},{"word":"golf cart","count":9},{"word":"graveyard","count":9},{"word":"hairbrush","count":9},{"word":"hairspray","count":9},{"word":"hamburger","count":9},{"word":"handshake","count":9},{"word":"harmonica","count":9},{"word":"headboard","count":9},{"word":"hibernate","count":9},{"word":"high five","count":9},{"word":"hilarious","count":9},{"word":"Hollywood","count":9},{"word":"honeycomb","count":9},{"word":"hopscotch","count":9},{"word":"horsewhip","count":9},{"word":"hot sauce","count":9},{"word":"hourglass","count":9},{"word":"Hula Hoop","count":9},{"word":"hypnotize","count":9},{"word":"ice cream","count":9},{"word":"incognito","count":9},{"word":"injection","count":9},{"word":"interview","count":9},{"word":"invention","count":9},{"word":"invisible","count":9},{"word":"jellyfish","count":9},{"word":"John Cena","count":9},{"word":"jump rope","count":9},{"word":"junk food","count":9},{"word":"King Kong","count":9},{"word":"Lady Gaga","count":9},{"word":"landscape","count":9},{"word":"Las Vegas","count":9},{"word":"lava lamp","count":9},{"word":"librarian","count":9},{"word":"lightbulb","count":9},{"word":"lightning","count":9},{"word":"limousine","count":9},{"word":"Lion King","count":9},{"word":"magnifier","count":9},{"word":"mannequin","count":9},{"word":"margarine","count":9},{"word":"marmalade","count":9},{"word":"McDonalds","count":9},{"word":"megaphone","count":9},{"word":"meteorite","count":9},{"word":"Microsoft","count":9},{"word":"microwave","count":9},{"word":"milkshake","count":9},{"word":"Milky Way","count":9},{"word":"Minecraft","count":9},{"word":"Mona Lisa","count":9},{"word":"motorbike","count":9},{"word":"mousetrap","count":9},{"word":"nail file","count":9},{"word":"newspaper","count":9},{"word":"nightclub","count":9},{"word":"nightmare","count":9},{"word":"nose hair","count":9},{"word":"nose ring","count":9},{"word":"nosebleed","count":9},{"word":"orangutan","count":9},{"word":"orchestra","count":9},{"word":"paintball","count":9},{"word":"palm tree","count":9},{"word":"paper bag","count":9},{"word":"parachute","count":9},{"word":"peninsula","count":9},{"word":"pensioner","count":9},{"word":"Peppa Pig","count":9},{"word":"pepperoni","count":9},{"word":"periscope","count":9},{"word":"Photoshop","count":9},{"word":"pine cone","count":9},{"word":"pineapple","count":9},{"word":"Pinocchio","count":9},{"word":"pistachio","count":9},{"word":"pitchfork","count":9},{"word":"poisonous","count":9},{"word":"policeman","count":9},{"word":"pollution","count":9},{"word":"porcupine","count":9},{"word":"Porky Pig","count":9},{"word":"president","count":9},{"word":"price tag","count":9},{"word":"professor","count":9},{"word":"promotion","count":9},{"word":"quicksand","count":9},{"word":"radiation","count":9},{"word":"raspberry","count":9},{"word":"reception","count":9},{"word":"rectangle","count":9},{"word":"recycling","count":9},{"word":"roadblock","count":9},{"word":"saltwater","count":9},{"word":"sandstorm","count":9},{"word":"satellite","count":9},{"word":"saxophone","count":9},{"word":"scarecrow","count":9},{"word":"scientist","count":9},{"word":"sculpture","count":9},{"word":"seat belt","count":9},{"word":"shipwreck","count":9},{"word":"signature","count":9},{"word":"Singapore","count":9},{"word":"skydiving","count":9},{"word":"slingshot","count":9},{"word":"snowboard","count":9},{"word":"snowflake","count":9},{"word":"spaceship","count":9},{"word":"spaghetti","count":9},{"word":"Spartacus","count":9},{"word":"spelunker","count":9},{"word":"Spiderman","count":9},{"word":"SpongeBob","count":9},{"word":"sprinkler","count":9},{"word":"Squidward","count":9},{"word":"Star Wars","count":9},{"word":"starfruit","count":9},{"word":"Stone Age","count":9},{"word":"stop sign","count":9},{"word":"submarine","count":9},{"word":"sunflower","count":9},{"word":"surfboard","count":9},{"word":"swordfish","count":9},{"word":"tangerine","count":9},{"word":"tarantula","count":9},{"word":"telephone","count":9},{"word":"telescope","count":9},{"word":"Teletubby","count":9},{"word":"tombstone","count":9},{"word":"toothpick","count":9},{"word":"tow truck","count":9},{"word":"translate","count":9},{"word":"trash can","count":9},{"word":"treadmill","count":9},{"word":"treehouse","count":9},{"word":"Vault boy","count":9},{"word":"vegetable","count":9},{"word":"wallpaper","count":9},{"word":"warehouse","count":9},{"word":"water gun","count":9},{"word":"waterfall","count":9},{"word":"Wolverine","count":9},{"word":"workplace","count":9},{"word":"wrestling","count":9},{"word":"xylophone","count":9},{"word":"yardstick","count":9},{"word":"shoulders","count":9},{"word":"anglerfish","count":10},{"word":"Antarctica","count":10},{"word":"apocalypse","count":10},{"word":"apple seed","count":10},{"word":"aristocrat","count":10},{"word":"basketball","count":10},{"word":"battleship","count":10},{"word":"Bill Gates","count":10},{"word":"binoculars","count":10},{"word":"black hole","count":10},{"word":"blackberry","count":10},{"word":"blacksmith","count":10},{"word":"bricklayer","count":10},{"word":"broomstick","count":10},{"word":"bubble gum","count":10},{"word":"Bugs Bunny","count":10},{"word":"bus driver","count":10},{"word":"cab driver","count":10},{"word":"can opener","count":10},{"word":"cappuccino","count":10},{"word":"cell phone","count":10},{"word":"chandelier","count":10},{"word":"cheesecake","count":10},{"word":"chest hair","count":10},{"word":"chestplate","count":10},{"word":"chimpanzee","count":10},{"word":"chinchilla","count":10},{"word":"chopsticks","count":10},{"word":"comic book","count":10},{"word":"commercial","count":10},{"word":"controller","count":10},{"word":"cookie jar","count":10},{"word":"coral reef","count":10},{"word":"Daffy Duck","count":10},{"word":"dictionary","count":10},{"word":"diss track","count":10},{"word":"earthquake","count":10},{"word":"face paint","count":10},{"word":"fake teeth","count":10},{"word":"Family Guy","count":10},{"word":"fingernail","count":10},{"word":"fire alarm","count":10},{"word":"fire truck","count":10},{"word":"fist fight","count":10},{"word":"flashlight","count":10},{"word":"floodlight","count":10},{"word":"flying pig","count":10},{"word":"glue stick","count":10},{"word":"gold chain","count":10},{"word":"golden egg","count":10},{"word":"graduation","count":10},{"word":"grapefruit","count":10},{"word":"Great Wall","count":10},{"word":"guillotine","count":10},{"word":"guinea pig","count":10},{"word":"gummy bear","count":10},{"word":"gummy worm","count":10},{"word":"Happy Meal","count":10},{"word":"headphones","count":10},{"word":"helicopter","count":10},{"word":"hieroglyph","count":10},{"word":"high heels","count":10},{"word":"high score","count":10},{"word":"hitchhiker","count":10},{"word":"Home Alone","count":10},{"word":"hovercraft","count":10},{"word":"Iron Giant","count":10},{"word":"jackhammer","count":10},{"word":"James Bond","count":10},{"word":"journalist","count":10},{"word":"Katy Perry","count":10},{"word":"laboratory","count":10},{"word":"lawn mower","count":10},{"word":"leprechaun","count":10},{"word":"lighthouse","count":10},{"word":"lightsaber","count":10},{"word":"litter box","count":10},{"word":"London Eye","count":10},{"word":"lumberjack","count":10},{"word":"Madagascar","count":10},{"word":"magic wand","count":10},{"word":"mayonnaise","count":10},{"word":"microphone","count":10},{"word":"microscope","count":10},{"word":"Mont Blanc","count":10},{"word":"Morse code","count":10},{"word":"motorcycle","count":10},{"word":"nutcracker","count":10},{"word":"overweight","count":10},{"word":"pharmacist","count":10},{"word":"photograph","count":10},{"word":"piggy bank","count":10},{"word":"playground","count":10},{"word":"pogo stick","count":10},{"word":"polar bear","count":10},{"word":"programmer","count":10},{"word":"punishment","count":10},{"word":"rainforest","count":10},{"word":"razorblade","count":10},{"word":"red carpet","count":10},{"word":"reflection","count":10},{"word":"restaurant","count":10},{"word":"rhinoceros","count":10},{"word":"Robin Hood","count":10},{"word":"Scooby Doo","count":10},{"word":"semicircle","count":10},{"word":"silverware","count":10},{"word":"skateboard","count":10},{"word":"skribbl.io","count":10},{"word":"skyscraper","count":10},{"word":"space suit","count":10},{"word":"Steve Jobs","count":10},{"word":"strawberry","count":10},{"word":"Suez Canal","count":10},{"word":"sunglasses","count":10},{"word":"superpower","count":10},{"word":"tablecloth","count":10},{"word":"teddy bear","count":10},{"word":"television","count":10},{"word":"Terminator","count":10},{"word":"tissue box","count":10},{"word":"toothbrush","count":10},{"word":"toothpaste","count":10},{"word":"trick shot","count":10},{"word":"Usain Bolt","count":10},{"word":"vegetarian","count":10},{"word":"video game","count":10},{"word":"Vin Diesel","count":10},{"word":"volleyball","count":10},{"word":"windshield","count":10},{"word":"wine glass","count":10},{"word":"wonderland","count":10},{"word":"woodpecker","count":10},{"word":"mont blanc","count":10},{"word":"Angry Birds","count":11},{"word":"barbed wire","count":11},{"word":"bell pepper","count":11},{"word":"bottle flip","count":11},{"word":"butt cheeks","count":11},{"word":"caterpillar","count":11},{"word":"cauliflower","count":11},{"word":"ceiling fan","count":11},{"word":"cheerleader","count":11},{"word":"coast guard","count":11},{"word":"coffee shop","count":11},{"word":"color-blind","count":11},{"word":"comfortable","count":11},{"word":"crawl space","count":11},{"word":"credit card","count":11},{"word":"Donald Duck","count":11},{"word":"electrician","count":11},{"word":"electricity","count":11},{"word":"firecracker","count":11},{"word":"firefighter","count":11},{"word":"fishing rod","count":11},{"word":"floppy disk","count":11},{"word":"fly swatter","count":11},{"word":"forest fire","count":11},{"word":"grandmother","count":11},{"word":"grasshopper","count":11},{"word":"gravedigger","count":11},{"word":"hair roller","count":11},{"word":"Hello Kitty","count":11},{"word":"hummingbird","count":11},{"word":"imagination","count":11},{"word":"Jackie Chan","count":11},{"word":"Kim Jong-un","count":11},{"word":"magic trick","count":11},{"word":"marshmallow","count":11},{"word":"motherboard","count":11},{"word":"Mr Meeseeks","count":11},{"word":"nail polish","count":11},{"word":"Netherlands","count":11},{"word":"New Zealand","count":11},{"word":"North Korea","count":11},{"word":"observatory","count":11},{"word":"pencil case","count":11},{"word":"photo frame","count":11},{"word":"pirate ship","count":11},{"word":"Playstation","count":11},{"word":"pot of gold","count":11},{"word":"sand castle","count":11},{"word":"spray paint","count":11},{"word":"Stegosaurus","count":11},{"word":"supermarket","count":11},{"word":"talent show","count":11},{"word":"taxi driver","count":11},{"word":"temperature","count":11},{"word":"The Beatles","count":11},{"word":"thermometer","count":11},{"word":"Tooth Fairy","count":11},{"word":"tuning fork","count":11},{"word":"underground","count":11},{"word":"underweight","count":11},{"word":"water cycle","count":11},{"word":"wheelbarrow","count":11},{"word":"spray paint","count":11},{"word":"Barack Obama","count":12},{"word":"Bart Simpson","count":12},{"word":"belly button","count":12},{"word":"Black Friday","count":12},{"word":"broken heart","count":12},{"word":"cheeseburger","count":12},{"word":"Chuck Norris","count":12},{"word":"conversation","count":12},{"word":"cotton candy","count":12},{"word":"Donald Trump","count":12},{"word":"Easter Bunny","count":12},{"word":"Eiffel tower","count":12},{"word":"electric car","count":12},{"word":"fast forward","count":12},{"word":"fire hydrant","count":12},{"word":"flamethrower","count":12},{"word":"Frankenstein","count":12},{"word":"golden apple","count":12},{"word":"Harry Potter","count":12},{"word":"intersection","count":12},{"word":"Jesus Christ","count":12},{"word":"Johnny Bravo","count":12},{"word":"kindergarten","count":12},{"word":"Mickey Mouse","count":12},{"word":"Mr. Meeseeks","count":12},{"word":"neighborhood","count":12},{"word":"notification","count":12},{"word":"photographer","count":12},{"word":"pillow fight","count":12},{"word":"Pink Panther","count":12},{"word":"receptionist","count":12},{"word":"relationship","count":12},{"word":"skateboarder","count":12},{"word":"sledgehammer","count":12},{"word":"social media","count":12},{"word":"Solar System","count":12},{"word":"table tennis","count":12},{"word":"thunderstorm","count":12},{"word":"time machine","count":12},{"word":"Tower Bridge","count":12},{"word":"truck driver","count":12},{"word":"Velociraptor","count":12},{"word":"veterinarian","count":12},{"word":"Wonder Woman","count":12},{"word":"Yin and Yang","count":12},{"word":"advertisement","count":13},{"word":"archaeologist","count":13},{"word":"demonstration","count":13},{"word":"Finn and Jake","count":13},{"word":"Green Lantern","count":13},{"word":"Homer Simpson","count":13},{"word":"hot chocolate","count":13},{"word":"Jimmy Neutron","count":13},{"word":"Mount Everest","count":13},{"word":"Robbie Rotten","count":13},{"word":"shaving cream","count":13},{"word":"shopping cart","count":13},{"word":"snake charmer","count":13},{"word":"swimming pool","count":13},{"word":"tennis racket","count":13},{"word":"Tower of Pisa","count":13},{"word":"traffic light","count":13},{"word":"Angelina Jolie","count":14},{"word":"bungee jumping","count":14},{"word":"cherry blossom","count":14},{"word":"clothes hanger","count":14},{"word":"Cookie Monster","count":14},{"word":"fidget spinner","count":14},{"word":"Jack-o-lantern","count":14},{"word":"Morgan Freeman","count":14},{"word":"Mount Rushmore","count":14},{"word":"sewing machine","count":14},{"word":"snowball fight","count":14},{"word":"Susan Wojcicki","count":14},{"word":"Abraham Lincoln","count":15},{"word":"air conditioner","count":15},{"word":"Captain America","count":15},{"word":"Charlie Chaplin","count":15},{"word":"Crash Bandicoot","count":15},{"word":"electric guitar","count":15},{"word":"fitness trainer","count":15},{"word":"Fred Flintstone","count":15},{"word":"ice cream truck","count":15},{"word":"Mark Zuckerberg","count":15},{"word":"Michael Jackson","count":15},{"word":"Nintendo Switch","count":15},{"word":"Northern Lights","count":15},{"word":"procrastination","count":15},{"word":"Sherlock Holmes","count":15},{"word":"virtual reality","count":15},{"word":"William Wallace","count":15},{"word":"Winnie the Pooh","count":15},{"word":"Darwin Watterson","count":16},{"word":"fashion designer","count":16},{"word":"flight attendant","count":16},{"word":"pencil sharpener","count":16},{"word":"Phineas and Ferb","count":16},{"word":"Leonardo da Vinci","count":17},{"word":"Leonardo DiCaprio","count":17},{"word":"Statue of Liberty","count":17},{"word":"Sydney Opera House","count":18},{"word":"Leonardo Di Caprio","count":18},{"word":"Sydney Opera House","count":18},{"word":"William Shakespeare","count":19}]